exact_match,chrf,bleu,sentence_bert,fraction_of_valid
0.2,49.32781705834775,29.942020907071385,0.7837849299112956,0.8
